{
    "learning_rate": 0.0003133604403048807,
    "n_steps": 1024,
    "batch_size": 64,
    "n_epochs": 7,
    "gamma": 0.9513947157440921,
    "gae_lambda": 0.8804993953233506,
    "clip_range": 0.21719679087901633,
    "ent_coef": 8.407543389514045e-06
}